{
    "ROAR": 0.9950515031814575,
    "IOU": 0.10132103841037446,
    "F1": 0.16285007259218232
}