{
    "IOU": 0.10018983612888248,
    "F1": 0.16186625880609531
}