{
    "IOU": 0.09954459236998871,
    "F1": 0.1753456063244715
}