{
    "IOU": 0.10426912445086989,
    "F1": 0.1821997529386826
}