{
    "IOU": 0.11350434230683608,
    "F1": 0.1790416456049968
}